Sample_ID,Sample_Name,Fastq Read 1 File,Fastq Read 2 File,ML,TRT,Combos,Comment
734P,S1,734P_S1_L001_R1_001.fastq,734P_S1_L001_R2_001.fastq,PA4.14Ip,Alone,NA,
115P,S2,115P_S2_L001_R1_001.fastq,115P_S2_L001_R2_001.fastq,PA4.13Ip,Alone,NA,
619P,S3,619P_S3_L001_R1_001.fastq,619P_S3_L001_R2_001.fastq,PA4.19Ip,Inter,PA 4.19 Ip-PA 4.12 Ihed,
755P,S4,755P_S4_L001_R1_001.fastq,755P_S4_L001_R2_001.fastq,PA4.13Ip,Inter,PA 4.13 Ip-PA 4.3 Ihed,
674P,S5,674P_S5_L001_R1_001.fastq,674P_S5_L001_R2_001.fastq,PA4.11Ip,Alone,NA,
769AP,S6,769AP_S6_L001_R1_001.fastq,769AP_S6_L001_R2_001.fastq,PA4.13Ip,Inter,PA 4.13 Ip-PA 4.2 Ihed,
814P,S7,814P_S7_L001_R1_001.fastq,814P_S7_L001_R2_001.fastq,PA4.11Ip,Alone,NA,
841P,S8,841P_S8_L001_R1_001.fastq,841P_S8_L001_R2_001.fastq,PA4.2Ip,Inter,PA 4.2 Ip-PA 4.3 Ihed,
777AP,S9,777AP_S9_L001_R1_001.fastq,777AP_S9_L001_R2_001.fastq,PA4.16Ip,Inter,PA 4.16 Ip-PA 4.2 Ihed,
671AP,S10,671AP_S10_L001_R1_001.fastq,671AP_S10_L001_R2_001.fastq,PA4.16Ip,Inter,PA 4.16 Ip-PA 4.2 Ihed,
759P,S11,759P_S11_L001_R1_001.fastq,759P_S11_L001_R2_001.fastq,PA4.14Ip,Alone,NA,
740P,S12,740P_S12_L001_R1_001.fastq,740P_S12_L001_R2_001.fastq,PA4.15Ip,Alone,NA,
672P,S13,672P_S13_L001_R1_001.fastq,672P_S13_L001_R2_001.fastq,PA4.2Ip,Inter,PA 4.2 Ip-PA 4.3 Ihed,
632P,S14,632P_S14_L001_R1_001.fastq,632P_S14_L001_R2_001.fastq,PA4.19Ip,Inter,PA 4.19 Ip-PA 4.3 Ihed,
727AP,S15,727AP_S15_L001_R1_001.fastq,727AP_S15_L001_R2_001.fastq,PA4.14Ip,Inter,PA 4.14 Ip-PA 4.15 Ihed,
331P,S16,331P_S16_L001_R1_001.fastq,331P_S16_L001_R2_001.fastq,PA4.14Ip,Inter,PA 4.14 Ip-PA 4.3 Ihed,
272P,S17,272P_S17_L001_R1_001.fastq,272P_S17_L001_R2_001.fastq,PA4.16Ip,Inter,PA 4.16 Ip-PA 4.12 Ihed,
789P,S18,789P_S18_L001_R1_001.fastq,789P_S18_L001_R2_001.fastq,PA4.14Ip,Inter,PA 4.14 Ip-PA 4.12 Ihed,
387P,S19,387P_S19_L001_R1_001.fastq,387P_S19_L001_R2_001.fastq,PA4.17Ip,Inter,PA 4.17 Ip-PA 4.12 Ihed,
331AP,S20,331AP_S20_L001_R1_001.fastq,331AP_S20_L001_R2_001.fastq,PA4.19Ip,Inter,PA 4.19 Ip-PA 4.15 Ihed,
602P,S21,602P_S21_L001_R1_001.fastq,602P_S21_L001_R2_001.fastq,PA4.19Ip,Inter,PA 4.19 Ip-PA 4.12 Ihed,
296P,S22,296P_S22_L001_R1_001.fastq,296P_S22_L001_R2_001.fastq,PA4.13Ip,Inter,PA 4.13 Ip-PA 4.12 Ihed,
844H,S23,844H_S23_L001_R1_001.fastq,844H_S23_L001_R2_001.fastq,PA4.15Ihed,Inter,PA 4.17 Ip-PA 4.15 Ihed,
693P,S24,693P_S24_L001_R1_001.fastq,693P_S24_L001_R2_001.fastq,PA4.15Ip,Inter,PA 4.15 Ip-PA 4.3 Ihed,
725AP,S25,725AP_S25_L001_R1_001.fastq,725AP_S25_L001_R2_001.fastq,PA4.17Ip,Inter,PA 4.17 Ip-PA 4.15 Ihed,
742P,S26,742P_S26_L001_R1_001.fastq,742P_S26_L001_R2_001.fastq,PA4.19Ip,Inter,PA 4.19 Ip-PA 4.15 Ihed,
117AP,S27,117AP_S27_L001_R1_001.fastq,117AP_S27_L001_R2_001.fastq,PA4.18Ip,Inter,PA 4.18 Ip-PA 4.15 Ihed,
463H,S28,463H_S28_L001_R1_001.fastq,463H_S28_L001_R2_001.fastq,PA4.3Ihed,Inter,PA 4.11 Ip-PA 4.3 Ihed,
94H,S29,94H_S29_L001_R1_001.fastq,94H_S29_L001_R2_001.fastq,PA4.12Ihed,Inter,PA 4.18 Ip-PA 4.12 Ihed,
861H,S30,861H_S30_L001_R1_001.fastq,861H_S30_L001_R2_001.fastq,PA4.12Ihed,Inter,PA 4.13 Ip-PA 4.12 Ihed,
835H,S31,835H_S31_L001_R1_001.fastq,835H_S31_L001_R2_001.fastq,PA4.12Ihed,Inter,PA 4.15 Ip-PA 4.12 Ihed,
23AH,S32,23AH_S32_L001_R1_001.fastq,23AH_S32_L001_R2_001.fastq,PA4.15Ihed,Inter,PA 4.17 Ip-PA 4.15 Ihed,
248P,S33,248P_S33_L001_R1_001.fastq,248P_S33_L001_R2_001.fastq,PA4.17Ip,Inter,PA 4.17 Ip-PA 4.12 Ihed,
248H,S34,248H_S34_L001_R1_001.fastq,248H_S34_L001_R2_001.fastq,PA4.12Ihed,Inter,PA 4.17 Ip-PA 4.12 Ihed,
21P,S35,21P_S35_L001_R1_001.fastq,21P_S35_L001_R2_001.fastq,PA4.11Ip,Inter,PA 4.11 Ip-PA 4.3 Ihed,
104P,S36,104P_S36_L001_R1_001.fastq,104P_S36_L001_R2_001.fastq,PA4.14Ip,Inter,PA 4.14 Ip-PA 4.3 Ihed,
94P,S37,94P_S37_L001_R1_001.fastq,94P_S37_L001_R2_001.fastq,PA4.18Ip,Inter,PA 4.18 Ip-PA 4.12 Ihed,
83AH,S38,83AH_S38_L001_R1_001.fastq,83AH_S38_L001_R2_001.fastq,PA4.15Ihed,Inter,PA 4.16 Ip-PA 4.15 Ihed,
103P,S39,103P_S39_L001_R1_001.fastq,103P_S39_L001_R2_001.fastq,PA4.18Ip,Inter,PA 4.18 Ip-PA 4.12 Ihed,
857AH,S40,857AH_S40_L001_R1_001.fastq,857AH_S40_L001_R2_001.fastq,PA4.15Ihed,Inter,PA 4.16 Ip-PA 4.15 Ihed,
914H,S41,914H_S41_L001_R1_001.fastq,914H_S41_L001_R2_001.fastq,PA4.15Ihed,Inter,PA 4.19 Ip-PA 4.15 Ihed,
583H,S42,583H_S42_L001_R1_001.fastq,583H_S42_L001_R2_001.fastq,PA4.12Ihed,Inter,PA 4.15 Ip-PA 4.12 Ihed,
789H,S43,789H_S43_L001_R1_001.fastq,789H_S43_L001_R2_001.fastq,PA4.12Ihed,Inter,PA 4.14 Ip-PA 4.12 Ihed,
356H,S44,356H_S44_L001_R1_001.fastq,356H_S44_L001_R2_001.fastq,PA4.12Ihed,Inter,PA 4.17 Ip-PA 4.12 Ihed,
375AH,S45,375AH_S45_L001_R1_001.fastq,375AH_S45_L001_R2_001.fastq,PA4.15Ihed,Inter,PA 4.16 Ip-PA 4.15 Ihed,
746H,S46,746H_S46_L001_R1_001.fastq,746H_S46_L001_R2_001.fastq,PA4.12Ihed,Inter,PA 4.18 Ip-PA 4.12 Ihed,
331AH,S47,331AH_S47_L001_R1_001.fastq,331AH_S47_L001_R2_001.fastq,PA4.15Ihed,Inter,PA 4.19 Ip-PA 4.15 Ihed,
716H,S48,716H_S48_L001_R1_001.fastq,716H_S48_L001_R2_001.fastq,PA4.2Ihed,Inter,PA 4.18 Ip-PA 4.2 Ihed,
727AH,S49,727AH_S49_L001_R1_001.fastq,727AH_S49_L001_R2_001.fastq,PA4.15Ihed,Inter,PA 4.14 Ip-PA 4.15 Ihed,
719AH,S50,719AH_S50_L001_R1_001.fastq,719AH_S50_L001_R2_001.fastq,PA4.2Ihed,Inter,PA 4.16 Ip-PA 4.2 Ihed,
699AH,S51,699AH_S51_L001_R1_001.fastq,699AH_S51_L001_R2_001.fastq,PA4.2Ihed,Inter,PA 4.13 Ip-PA 4.2 Ihed,
339AH,S52,339AH_S52_L001_R1_001.fastq,339AH_S52_L001_R2_001.fastq,PA4.15Ihed,Inter,PA 4.14 Ip-PA 4.15 Ihed,
754BH,S53,754BH_S53_L001_R1_001.fastq,754BH_S53_L001_R2_001.fastq,PA4.15Ihed,Inter,PA 4.11 Ip-PA 4.15 Ihed,
657H,S54,657H_S54_L001_R1_001.fastq,657H_S54_L001_R2_001.fastq,PA4.3Ihed,Inter,PA 4.19 Ip-PA 4.3 Ihed,
672H,S55,672H_S55_L001_R1_001.fastq,672H_S55_L001_R2_001.fastq,PA4.3Ihed,Inter,PA 4.2 Ip-PA 4.3 Ihed,
755H,S56,755H_S56_L001_R1_001.fastq,755H_S56_L001_R2_001.fastq,PA4.3Ihed,Inter,PA 4.13 Ip-PA 4.3 Ihed,
632H,S57,632H_S57_L001_R1_001.fastq,632H_S57_L001_R2_001.fastq,PA4.3Ihed,Inter,PA 4.19 Ip-PA 4.3 Ihed,
673AH,S58,673AH_S58_L001_R1_001.fastq,673AH_S58_L001_R2_001.fastq,PA4.15Ihed,Inter,PA 4.11 Ip-PA 4.15 Ihed,
736AH,S59,736AH_S59_L001_R1_001.fastq,736AH_S59_L001_R2_001.fastq,#N/A,#N/A,#N/A,Remove
360H,S60,360H_S60_L001_R1_001.fastq,360H_S60_L001_R2_001.fastq,PA4.3Ihed,Inter,PA 4.18 Ip-PA 4.3 Ihed,
389AH,S61,389H_S61_L001_R1_001.fastq,389H_S61_L001_R2_001.fastq,PA4.15Ihed,Inter,PA 4.18 Ip-PA 4.15 Ihed,Remove idk if it is 389AH
373AH,S62,373AH_S62_L001_R1_001.fastq,373AH_S62_L001_R2_001.fastq,PA4.2Ihed,Inter,PA 4.16 Ip-PA 4.2 Ihed,
483H,S63,483H_S63_L001_R1_001.fastq,483H_S63_L001_R2_001.fastq,PA4.12Ihed,Inter,PA 4.2 Ip-PA 4.12 Ihed,
901P,S64,901P_S64_L001_R1_001.fastq,901P_S64_L001_R2_001.fastq,PA4.16Ip,Inter,PA 4.16 Ip-PA 4.12 Ihed,
875AP,S65,875AP_S65_L001_R1_001.fastq,875AP_S65_L001_R2_001.fastq,PA4.18Ip,Inter,PA 4.18 Ip-PA 4.15 Ihed,
491H,S66,491H_S66_L001_R1_001.fastq,491H_S66_L001_R2_001.fastq,PA4.12Ihed,Inter,PA 4.14 Ip-PA 4.12 Ihed,
440P,S67,440P_S67_L001_R1_001.fastq,440P_S67_L001_R2_001.fastq,PA4.18Ip,Alone,NA,
478P,S68,478P_S68_L001_R1_001.fastq,478P_S68_L001_R2_001.fastq,PA4.2Ip,Alone,NA,
13AH,S69,13H_S69_L001_R1_001.fastq,13H_S69_L001_R2_001.fastq,PA4.2Ihed,Inter,PA 4.2 Ip-PA 4.2 Ihed, idk if it is 13AH
15H,S70,15H_S70_L001_R1_001.fastq,15H_S70_L001_R2_001.fastq,PA4.3Ihed,Inter,PA 4.13 Ip-PA 4.3 Ihed,
13AP,S71,13P_S71_L001_R1_001.fastq,13P_S71_L001_R2_001.fastq,PA4.2Ip,Inter,PA 4.2 Ip-PA 4.2 Ihed, idk if it is 13AP
20P,S72,20P_S72_L001_R1_001.fastq,20P_S72_L001_R2_001.fastq,PA4.17Ip,Inter,PA 4.17 Ip-PA 4.3 Ihed,
8H,S73,8H_S73_L001_R1_001.fastq,8H_S73_L001_R2_001.fastq,PA4.3Ihed,Inter,PA 4.17 Ip-PA 4.3 Ihed,
31AH,S74,31H_S74_L001_R1_001.fastq,31H_S74_L001_R2_001.fastq,PA4.15Ihed,Inter,PA 4.11 Ip-PA 4.15 Ihed, idk if it is 31AH
461P,S75,461P_S75_L001_R1_001.fastq,461P_S75_L001_R2_001.fastq,PA4.1Ip,Inter,PA 4.1 Ip-PA 4.3 Ihed,
21H,S76,21H_S76_L001_R1_001.fastq,21H_S76_L001_R2_001.fastq,PA4.3Ihed,Inter,PA 4.11 Ip-PA 4.3 Ihed,
461AH,S77,461AH_S77_L001_R1_001.fastq,461AH_S77_L001_R2_001.fastq,PA4.15Ihed,Inter,PA 4.2 Ip-PA 4.15 Ihed,
42P,S78,42P_S78_L001_R1_001.fastq,42P_S78_L001_R2_001.fastq,PA4.17Ip,Alone,NA,
547P,S79,547P_S79_L001_R1_001.fastq,547P_S79_L001_R2_001.fastq,PA4.13Ip,Alone,NA,
528P,S80,528P_S80_L001_R1_001.fastq,528P_S80_L001_R2_001.fastq,PA4.19Ip,Alone,NA,
542H,S81,542H_S81_L001_R1_001.fastq,542H_S81_L001_R2_001.fastq,PA4.3Ihed,Inter,PA 4.13 Ip-PA 4.3 Ihed,
525P,S82,525P_S82_L001_R1_001.fastq,525P_S82_L001_R2_001.fastq,PA4.18Ip,Alone,NA,
542P,S83,542P_S83_L001_R1_001.fastq,542P_S83_L001_R2_001.fastq,PA4.13Ip,Inter,PA 4.13 Ip-PA 4.3 Ihed,
557H,S84,557H_S84_L001_R1_001.fastq,557H_S84_L001_R2_001.fastq,PA4.3Ihed,Inter,PA 4.18 Ip-PA 4.3 Ihed,
296H,S85,296H_S85_L001_R1_001.fastq,296H_S85_L001_R2_001.fastq,PA4.12Ihed,Inter,PA 4.13 Ip-PA 4.12 Ihed,
149AP,S86,149AP_S86_L001_R1_001.fastq,149AP_S86_L001_R2_001.fastq,PA4.13Ip,Inter,PA 4.13 Ip-PA 4.2 Ihed,
89AH,S87,89AH_S87_L001_R1_001.fastq,89AH_S87_L001_R2_001.fastq,PA4.15Ihed,Inter,PA 4.14 Ip-PA 4.15 Ihed,
725AH,S88,725AH_S88_L001_R1_001.fastq,725AH_S88_L001_R2_001.fastq,PA4.15Ihed,Inter,PA 4.17 Ip-PA 4.15 Ihed,
721AH,S89,721H_S89_L001_R1_001.fastq,721H_S89_L001_R2_001.fastq,PA4.2Ihed,Inter,PA 4.2 Ip-PA 4.2 Ihed,idk if it is 721AH
671AH,S90,671AH_S90_L001_R1_001.fastq,671AH_S90_L001_R2_001.fastq,PA4.2Ihed,Inter,PA 4.16 Ip-PA 4.2 Ihed,
149AH,S91,149AH_S91_L001_R1_001.fastq,149AH_S91_L001_R2_001.fastq,PA4.2Ihed,Inter,PA 4.13 Ip-PA 4.2 Ihed,
657P,S92,657P_S92_L001_R1_001.fastq,657P_S92_L001_R2_001.fastq,PA4.19Ip,Inter,PA 4.19 Ip-PA 4.3 Ihed,
754BP,S93,754BP_S93_L001_R1_001.fastq,754BP_S93_L001_R2_001.fastq,PA4.11Ip,Inter,PA 4.11 Ip-PA 4.15 Ihed,
673AP,S94,673AP_S94_L001_R1_001.fastq,673AP_S94_L001_R2_001.fastq,PA4.11Ip,Inter,PA 4.11 Ip-PA 4.15 Ihed,
Zymopost_plateC,S95,Zymopost_plateC_S95_L001_R1_001.fastq,Zymopost_plateC_S95_L001_R2_001.fastq,Control,Control,Control,
Water_neg_plateC,S96,Water_neg_plateC_S96_L001_R1_001.fastq,Water_neg_plateC_S96_L001_R2_001.fastq,Control,Control,Control,
8P,S97,8P_S97_L001_R1_001.fastq,8P_S97_L001_R2_001.fastq,PA4.17Ip,Inter,PA 4.17 Ip-PA 4.3 Ihed,
442P,S98,442P_S98_L001_R1_001.fastq,442P_S98_L001_R2_001.fastq,PA4.15Ip,Alone,NA,
20H,S99,20H_S99_L001_R1_001.fastq,20H_S99_L001_R2_001.fastq,PA4.3Ihed,Inter,PA 4.17 Ip-PA 4.3 Ihed,
234P,S100,234P_S100_L001_R1_001.fastq,234P_S100_L001_R2_001.fastq,PA4.16Ip,Alone,NA,
232H,S101,232H_S101_L001_R1_001.fastq,232H_S101_L001_R2_001.fastq,PA4.3Ihed,Inter,PA 4.19 Ip-PA 4.3 Ihed,
212P,S102,212P_S102_L001_R1_001.fastq,212P_S102_L001_R2_001.fastq,PA4.16Ip,Alone,NA,
232P,S103,232P_S103_L001_R1_001.fastq,232P_S103_L001_R2_001.fastq,PA4.19Ip,Inter,PA 4.19 Ip-PA 4.3 Ihed,
25H,S104,25H_S104_L001_R1_001.fastq,25H_S104_L001_R2_001.fastq,PA4.7Ihed,Inter,PA 4.1 Ip-PA 4.7 Ihed,
35P,S105,35P_S105_L001_R1_001.fastq,35P_S105_L001_R2_001.fastq,PA4.18Ip,Inter,PA 4.18 Ip-PA 4.3 Ihed,
93AH,S106,93AH_S106_L001_R1_001.fastq,93AH_S106_L001_R2_001.fastq,PA4.15Ihed,Inter,PA 4.11 Ip-PA 4.15 Ihed,
89AP,S107,89AP_S107_L001_R1_001.fastq,89AP_S107_L001_R2_001.fastq,PA4.14Ip,Inter,PA 4.14 Ip-PA 4.15 Ihed,
93AP,S108,93AP_S108_L001_R1_001.fastq,93AP_S108_L001_R2_001.fastq,PA4.11Ip,Inter,PA 4.11 Ip-PA 4.15 Ihed,
84P,S109,84P_S109_L001_R1_001.fastq,84P_S109_L001_R2_001.fastq,PA4.11Ip,Alone,NA,
86P,S110,86P_S110_L001_R1_001.fastq,86P_S110_L001_R2_001.fastq,PA4.18Ip,Alone,NA,
442AP,S111,442AP_S111_L001_R1_001.fastq,442AP_S111_L001_R2_001.fastq,#N/A,#N/A,#N/A,Remove
914P,S112,914P_S112_L001_R1_001.fastq,914P_S112_L001_R2_001.fastq,PA4.19Ip,Inter,PA 4.19 Ip-PA 4.15 Ihed,
964P,S113,964P_S113_L001_R1_001.fastq,964P_S113_L001_R2_001.fastq,PA4.19Ip,Alone,NA,
875AH,S114,875AH_S114_L001_R1_001.fastq,875AH_S114_L001_R2_001.fastq,PA4.15Ihed,Inter,PA 4.18 Ip-PA 4.15 Ihed,
901H,S115,901H_S115_L001_R1_001.fastq,901H_S115_L001_R2_001.fastq,PA4.12Ihed,Inter,PA 4.16 Ip-PA 4.12 Ihed,
959H,S116,959H_S116_L001_R1_001.fastq,959H_S116_L001_R2_001.fastq,PA4.12Ihed,Inter,PA 4.15 Ip-PA 4.12 Ihed,
959P,S117,959P_S117_L001_R1_001.fastq,959P_S117_L001_R2_001.fastq,PA4.15Ip,Inter,PA 4.15 Ip-PA 4.12 Ihed,
951P,S118,951P_S118_L001_R1_001.fastq,951P_S118_L001_R2_001.fastq,PA4.2Ip,Alone,NA,
907P,S119,907P_S119_L001_R1_001.fastq,907P_S119_L001_R2_001.fastq,PA4.18Ip,Alone,NA,
930P,S120,930P_S120_L001_R1_001.fastq,930P_S120_L001_R2_001.fastq,PA4.15Ip,Alone,NA,
841H,S121,841H_S121_L001_R1_001.fastq,841H_S121_L001_R2_001.fastq,PA4.3Ihed,Inter,PA 4.2 Ip-PA 4.3 Ihed,
910P,S122,910P_S122_L001_R1_001.fastq,910P_S122_L001_R2_001.fastq,PA4.14Ip,Alone,NA,
360P,S123,360P_S123_L001_R1_001.fastq,360P_S123_L001_R2_001.fastq,PA4.18Ip,Inter,PA 4.18 Ip-PA 4.3 Ihed,
777AH,S124,777AH_S124_L001_R1_001.fastq,777AH_S124_L001_R2_001.fastq,PA4.2Ihed,Inter,PA 4.16 Ip-PA 4.2 Ihed,
769AH,S125,769AH_S125_L001_R1_001.fastq,769AH_S125_L001_R2_001.fastq,PA4.2Ihed,Inter,PA 4.13 Ip-PA 4.2 Ihed,
591H,S126,591H_S126_L001_R1_001.fastq,591H_S126_L001_R2_001.fastq,PA4.12Ihed,Inter,PA 4.2 Ip-PA 4.12 Ihed,
826H,S127,826H_S127_L001_R1_001.fastq,826H_S127_L001_R2_001.fastq,PA4.3Ihed,Inter,PA 4.17 Ip-PA 4.3 Ihed,
311H,S128,311H_S128_L001_R1_001.fastq,311H_S128_L001_R2_001.fastq,PA4.3Ihed,Inter,PA 4.2 Ip-PA 4.3 Ihed,
897P,S129,897P_S129_L001_R1_001.fastq,897P_S129_L001_R2_001.fastq,PA4.2Ip,Inter,PA 4.2 Ip-PA 4.12 Ihed,
921P,S130,921P_S130_L001_R1_001.fastq,921P_S130_L001_R2_001.fastq,PA4.17Ip,Inter,PA 4.17 Ip-PA 4.12 Ihed,
158P,S131,158P_S131_L001_R1_001.fastq,158P_S131_L001_R2_001.fastq,PA4.11Ip,Alone,NA,
389AP,S132,389P_S132_L001_R1_001.fastq,389P_S132_L001_R2_001.fastq,PA4.18Ip,Inter,PA 4.18 Ip-PA 4.15 Ihed,idk if it is 389AP 
356P,S133,356P_S133_L001_R1_001.fastq,356P_S133_L001_R2_001.fastq,PA4.17Ip,Inter,PA 4.17 Ip-PA 4.12 Ihed,
337AP,S134,337AP_S134_L001_R1_001.fastq,337AP_S134_L001_R2_001.fastq,PA4.18Ip,Inter,PA 4.18 Ip-PA 4.2 Ihed,
373AP,S135,373AP_S135_L001_R1_001.fastq,373AP_S135_L001_R2_001.fastq,PA4.16Ip,Inter,PA 4.16 Ip-PA 4.2 Ihed,
805P,S136,805P_S136_L001_R1_001.fastq,805P_S136_L001_R2_001.fastq,PA4.15Ip,Inter,PA 4.15 Ip-PA 4.15 Ihed,
345P,S137,345P_S137_L001_R1_001.fastq,345P_S137_L001_R2_001.fastq,PA4.17Ip,Alone,NA,
339AP,S138,339AP_S138_L001_R1_001.fastq,339AP_S138_L001_R2_001.fastq,PA4.14Ip,Inter,PA 4.14 Ip-PA 4.15 Ihed,
812P,S139,812AP_S139_L001_R1_001.fastq,812AP_S139_L001_R2_001.fastq,PA4.19Ip,Inter,PA 4.19 Ip-PA 4.3 Ihed,idk if it is 812P
755P,S140,755P_2_S140_L001_R1_001.fastq,755P_2_S140_L001_R2_001.fastq,PA4.13Ip,Inter,PA 4.13 Ip-PA 4.3 Ihed,Duplicate?
358P,S141,358P_S141_L001_R1_001.fastq,358P_S141_L001_R2_001.fastq,PA4.16Ip,Alone,NA,
311P,S142,311P_S142_L001_R1_001.fastq,311P_S142_L001_R2_001.fastq,PA4.2Ip,Inter,PA 4.2 Ip-PA 4.3 Ihed,
419P,S143,419P_S143_L001_R1_001.fastq,419P_S143_L001_R2_001.fastq,PA4.13Ip,Alone,NA,
557P,S144,557P_S144_L001_R1_001.fastq,557P_S144_L001_R2_001.fastq,PA4.18Ip,Inter,PA 4.18 Ip-PA 4.3 Ihed,
349H,S145,349H_S145_L001_R1_001.fastq,349H_S145_L001_R2_001.fastq,PA4.12Ihed,Inter,PA 4.19 Ip-PA 4.12 Ihed,
742H,S146,742H_S146_L001_R1_001.fastq,742H_S146_L001_R2_001.fastq,PA4.15Ihed,Inter,PA 4.19 Ip-PA 4.15 Ihed,
661H,S147,661H_S147_L001_R1_001.fastq,661H_S147_L001_R2_001.fastq,PA4.15Ihed,Inter,PA 4.2 Ip-PA 4.15 Ihed,
383AH,S148,383H_S148_L001_R1_001.fastq,383H_S148_L001_R2_001.fastq,PA4.15Ihed,Inter,PA 4.17 Ip-PA 4.15 Ihed,idk if it is 383AH
143AH,S149,143AH_S149_L001_R1_001.fastq,143AH_S149_L001_R2_001.fastq,PA4.2Ihed,Inter,PA 4.18 Ip-PA 4.2 Ihed,
375AP,S150,375AP_S150_L001_R1_001.fastq,375AP_S150_L001_R2_001.fastq,PA4.16Ip,Inter,PA 4.16 Ip-PA 4.15 Ihed,
291P,S151,291P_S151_L001_R1_001.fastq,291P_S151_L001_R2_001.fastq,PA4.19Ip,Inter,PA 4.19 Ip-PA 4.12 Ihed,
583P,S152,583P_S152_L001_R1_001.fastq,583P_S152_L001_R2_001.fastq,PA4.15Ip,Inter,PA 4.15 Ip-PA 4.12 Ihed,
141AH,S153,141AH_S153_L001_R1_001.fastq,141AH_S153_L001_R2_001.fastq,PA4.15Ihed,Inter,PA 4.18 Ip-PA 4.15 Ihed,
746P,S154,746P_S154_L001_R1_001.fastq,746P_S154_L001_R2_001.fastq,PA4.18Ip,Inter,PA 4.18 Ip-PA 4.12 Ihed,
420P,S155,420P_S155_L001_R1_001.fastq,420P_S155_L001_R2_001.fastq,PA4.13Ip,Inter,PA 4.13 Ip-PA 4.12 Ihed,
387H,S156,387H_S156_L001_R1_001.fastq,387H_S156_L001_R2_001.fastq,PA4.12Ihed,Inter,PA 4.17 Ip-PA 4.12 Ihed,
43H,S157,43H_S157_L001_R1_001.fastq,43H_S157_L001_R2_001.fastq,PA4.12Ihed,Inter,PA 4.16 Ip-PA 4.12 Ihed,
420H,S158,420H_S158_L001_R1_001.fastq,420H_S158_L001_R2_001.fastq,PA4.12Ihed,Inter,PA 4.13 Ip-PA 4.12 Ihed,
453P,S159,453P_S159_L001_R1_001.fastq,453P_S159_L001_R2_001.fastq,PA4.11Ip,Inter,PA 4.11 Ip-PA 4.12 Ihed,
483P,S160,483P_S160_L001_R1_001.fastq,483P_S160_L001_R2_001.fastq,PA4.2Ip,Inter,PA 4.2 Ip-PA 4.12 Ihed,
463P,S161,463P_S161_L001_R1_001.fastq,463P_S161_L001_R2_001.fastq,PA4.11Ip,Inter,PA 4.11 Ip-PA 4.3 Ihed,
675AH,S162,675AH_S162_L001_R1_001.fastq,675AH_S162_L001_R2_001.fastq,PA4.15Ihed,Inter,PA 4.19 Ip-PA 4.15 Ihed,
124P,S163,124P_S163_L001_R1_001.fastq,124P_S163_L001_R2_001.fastq,PA4.11Ip,Inter,PA 4.11 Ip-PA 4.12 Ihed,
602H,S164,602H_S164_L001_R1_001.fastq,602H_S164_L001_R2_001.fastq,PA4.12Ihed,Inter,PA 4.19 Ip-PA 4.12 Ihed,
798P,S165,798P_S165_L001_R1_001.fastq,798P_S165_L001_R2_001.fastq,PA4.14Ip,Inter,PA 4.14 Ip-PA 4.3 Ihed,
272H,S166,272H_S166_L001_R1_001.fastq,272H_S166_L001_R2_001.fastq,PA4.12Ihed,Inter,PA 4.16 Ip-PA 4.12 Ihed,
337AH,S167,337AH_S167_L001_R1_001.fastq,337AH_S167_L001_R2_001.fastq,PA4.2Ihed,Inter,PA 4.18 Ip-PA 4.2 Ihed,
383AH,S168,383AH_S168_L001_R1_001.fastq,383AH_S168_L001_R2_001.fastq,PA4.15Ihed,Inter,PA 4.17 Ip-PA 4.15 Ihed,
768P,S169,768P_S169_L001_R1_001.fastq,768P_S169_L001_R2_001.fastq,PA4.16Ip,Alone,NA,
502P,S170,502P_S170_L001_R1_001.fastq,502P_S170_L001_R2_001.fastq,PA4.19Ip,Inter,PA 4.19 Ip-PA 4.2 Ihed,
339P,S171,339P_S171_L001_R1_001.fastq,339P_S171_L001_R2_001.fastq,PA4.15Ip,Inter,PA 4.15 Ip-PA 4.3 Ihed,
543P,S172,543P_S172_L001_R1_001.fastq,543P_S172_L001_R2_001.fastq,PA4.16Ip,Inter,PA 4.16 Ip-PA 4.12 Ihed,
693H,S173,693H_S173_L001_R1_001.fastq,693H_S173_L001_R2_001.fastq,PA4.3Ihed,Inter,PA 4.15 Ip-PA 4.3 Ihed,
857AP,S174,857AP_S174_L001_R1_001.fastq,857AP_S174_L001_R2_001.fastq,PA4.16Ip,Inter,PA 4.16 Ip-PA 4.15 Ihed,
349H,S175,349H_2_S175_L001_R1_001.fastq,349H_2_S175_L001_R2_001.fastq,PA4.12Ihed,Inter,PA 4.19 Ip-PA 4.12 Ihed,Duplicate?
143AP,S176,143AP_S176_L001_R1_001.fastq,143AP_S176_L001_R2_001.fastq,PA4.18Ip,Inter,PA 4.18 Ip-PA 4.2 Ihed,
117AH,S177,117AH_S177_L001_R1_001.fastq,117AH_S177_L001_R2_001.fastq,PA4.15Ihed,Inter,PA 4.18 Ip-PA 4.15 Ihed,
844P,S178,844P_S178_L001_R1_001.fastq,844P_S178_L001_R2_001.fastq,PA4.17Ip,Inter,PA 4.17 Ip-PA 4.15 Ihed,
861P,S179,861P_S179_L001_R1_001.fastq,861P_S179_L001_R2_001.fastq,PA4.13Ip,Inter,PA 4.13 Ip-PA 4.12 Ihed,
155AH,S180,155AH_S180_L001_R1_001.fastq,155AH_S180_L001_R2_001.fastq,PA4.2Ihed,Inter,PA 4.19 Ip-PA 4.2 Ihed,
797AP,S181,797AP_S181_L001_R1_001.fastq,797AP_S181_L001_R2_001.fastq,PA4.19Ip,Inter,PA 4.19 Ip-PA 4.2 Ihed,
661P,S182,661P_S182_L001_R1_001.fastq,661P_S182_L001_R2_001.fastq,PA4.2Ip,Inter,PA 4.2 Ip-PA 4.15 Ihed,
155AP,S183,155AP_S183_L001_R1_001.fastq,155AP_S183_L001_R2_001.fastq,PA4.19Ip,Inter,PA 4.19 Ip-PA 4.2 Ihed,
157P,S184,157P_S184_L001_R1_001.fastq,157P_S184_L001_R2_001.fastq,PA4.17Ip,Inter,PA 4.17 Ip-PA 4.12 Ihed,
291H,S185,291H_S185_L001_R1_001.fastq,291H_S185_L001_R2_001.fastq,PA4.12Ihed,Inter,PA 4.19 Ip-PA 4.12 Ihed,
157H,S186,157H_S186_L001_R1_001.fastq,157H_S186_L001_R2_001.fastq,PA4.12Ihed,Inter,PA 4.17 Ip-PA 4.12 Ihed,
141AP,S187,141AP_S187_L001_R1_001.fastq,141AP_S187_L001_R2_001.fastq,PA4.18Ip,Inter,PA 4.18 Ip-PA 4.15 Ihed,
151AH,S188,151AH_S188_L001_R1_001.fastq,151AH_S188_L001_R2_001.fastq,PA4.15Ihed,Inter,PA 4.2 Ip-PA 4.15 Ihed,
719AP,S189,719AP_S189_L001_R1_001.fastq,719AP_S189_L001_R2_001.fastq,PA4.16Ip,Inter,PA 4.16 Ip-PA 4.2 Ihed,
699AP,S190,699AP_S190_L001_R1_001.fastq,699AP_S190_L001_R2_001.fastq,PA4.13Ip,Inter,PA 4.13 Ip-PA 4.2 Ihed,
Zymopost_plateD,S191,Zymopost_plateD_S191_L001_R1_001.fastq,Zymopost_plateD_S191_L001_R2_001.fastq,Control,Control,Control,
Water_neg_plateD,S192,Water_neg_plateD_S192_L001_R1_001.fastq,Water_neg_plateD_S192_L001_R2_001.fastq,Control,Control,Control,